flow_duration,fwd_packets,bwd_packets,flow_bytes_per_sec,flow_pkts_per_sec,fwd_pkt_len_mean,bwd_pkt_len_mean,fin_flag_cnt,syn_flag_cnt,rst_flag_cnt,label
5.243792140922614,8,9,1710.0714699269724,9.716315170039616,124,84,1,0,0,0
8.60304905305199,7,3,911.2404834269812,7.348713576024041,223,203,0,1,1,0
9.707601372524,14,9,3776.558457091649,14.927108526053948,237,230,0,1,1,0
3.227859600430377,9,6,2247.775099832224,10.858816907402048,219,94,1,1,0,0
3.4209406399158797,8,1,854.108677946114,8.292317261612757,52,49,1,1,1,0
5.319449512454112,6,9,492.28188117049433,7.691904393288974,133,200,1,0,1,0
7.742454751911548,9,1,976.8199064028864,9.129158003765292,152,77,1,0,1,0
5.341207433964324,1,8,477.07763673126914,2.4977886739857023,128,33,0,0,0,0
4.155642380882627,1,4,363.0711457280955,1.962546733665381,181,134,1,1,0,0
2.8077318087606478,18,2,2563.587668147317,18.712318745600854,150,203,0,1,0,0
2.1179797005525343,6,9,379.2253029210468,10.249332511379642,104,134,0,1,0,0
7.381544675058247,8,8,1898.5108556003968,9.083783998088023,123,93,1,1,0,0
8.33342602371861,7,4,1787.718724001273,7.479994661093192,163,165,1,1,1,0
5.328134483040864,9,2,403.140733735932,9.375365900835629,118,43,0,0,0,0
6.541678197480185,19,7,2629.17809686102,20.07006180809939,204,167,0,0,0,0
6.928369979507885,19,2,4417.105014794913,19.28866818687735,177,242,1,0,1,0
5.882307721474308,3,3,231.66025875816888,3.5100039205783164,220,124,1,0,0,0
3.319145996600924,12,1,1537.6602897636951,12.301282318109562,244,190,1,0,1,0
4.829440010032679,4,4,1057.387489684145,4.828253377553174,183,81,0,0,1,0
6.292525402810713,2,4,255.660458267946,2.635674827504598,110,193,1,1,0,0
3.4914501751154643,19,6,3232.0834475803586,20.71848363833563,43,162,0,1,1,0
8.523982574030885,1,3,77.06104523500173,1.3519481620175742,39,131,1,1,0,0
6.692864799036755,14,2,2144.823854807761,14.298825698718408,68,100,1,0,0,0
3.225079669628593,15,8,4335.178601224596,17.48055887590563,115,161,0,1,0,0
4.519733829865846,2,3,95.89521243183596,2.663755900884333,224,199,1,1,1,0
9.728389405706904,15,3,2280.947996256994,15.308375813805329,45,111,1,0,1,0
7.0245136131342525,9,1,1499.3468121826054,9.142358610869543,51,39,0,1,0,0
3.2727500386787733,11,5,2580.7200329469147,12.527767150227742,235,196,0,0,1,0
8.251031376550479,15,6,2186.078272756329,15.727181818390855,220,179,1,1,1,0
2.106737276766641,5,4,393.224220701087,6.898670538615562,60,32,0,0,1,0
2.620093937254512,5,1,1130.1497980717631,5.381665705103634,237,43,1,1,0,0
5.319073734328659,11,2,2821.2493183538472,11.376005315942932,81,60,0,0,0,0
3.2880212190774394,11,2,2112.7048816741312,11.608268580627094,203,69,1,0,1,0
2.1944318843734965,16,2,2621.2666313352006,16.911397621517423,150,39,1,0,0,0
7.577465273837888,6,5,779.2025972880117,6.659851258871895,206,65,0,0,0,0
9.501527975266209,10,2,2460.7286829291784,10.210492460287048,176,57,1,0,1,0
7.916674280714121,8,9,703.536757914649,9.13684101187856,227,64,0,0,0,0
6.929969232093915,16,5,2274.1245337787072,16.721503924843436,121,221,1,1,1,0
6.444585304214868,9,1,1831.0338044356704,9.155169022178352,120,207,0,0,0,0
6.10314634888001,9,4,1245.546555252553,9.655399653120565,156,133,1,1,1,0
4.943551117707889,2,2,413.58560593573833,2.404567476370572,54,114,0,0,0,0
2.081881498335476,7,9,2762.81508037598,11.32301262449172,174,96,1,1,0,0
6.070950346136129,19,9,3932.634184349702,20.4824697101547,80,255,0,0,1,0
1.1320035134163744,11,3,3153.188912654992,13.65016845305191,141,237,1,1,1,0
5.504007782176673,8,2,1915.2120916476747,8.363371579247488,187,148,0,1,0,0
4.421760569072713,2,5,745.1235722538353,3.1307713119909044,75,46,0,1,0,0
8.316871648444842,18,5,3385.4161408839536,18.60118758727447,138,111,0,0,1,0
9.591940270299768,4,3,198.38707874644504,4.312762581444457,99,52,0,1,0,0
1.9127874560429483,4,5,548.9608540085918,6.6139861928746,58,188,0,1,0,0
6.228388479365179,10,4,2011.3797120241693,10.642220698540578,177,33,0,0,1,0
0.4063420834000074,235,8,21903.154679533214,254.68784511085136,77,14,25,276,106,2
0.3735517611166514,95,3,5460.643823829672,103.03101554395607,75,11,21,88,186,2
0.8096026089279688,126,1,11451.165649674937,127.23517388527704,72,5,31,200,236,2
0.1998905222921329,169,5,10282.725687047392,194.01369220844137,75,7,39,196,79,2
0.8221188962433378,133,0,8512.0,133.0,79,23,18,203,151,2
0.3520335965954405,225,8,14368.056016492175,247.7251037326237,85,2,46,68,250,2
0.8555148185506902,222,6,12137.706010351423,229.01332095002687,48,18,18,169,215,2
0.208222503860508,213,7,13810.60150911742,246.61788409138248,69,8,37,169,101,2
0.3711387346840004,252,4,19445.545425303088,262.77764088247415,80,13,34,90,245,2
0.1580421441242508,269,7,12844.971313160391,313.29198324781447,80,21,45,169,176,2
0.6635585544338244,65,0,5655.0,65.0,69,11,39,60,113,2
0.8102447619298583,262,4,11745.218312625431,266.9367798323962,87,19,41,244,221,2
0.2034396973536101,250,8,12440.918756146566,289.3236920034085,74,16,38,265,273,2
0.61459511684349,94,6,8923.577122984858,103.76252468587045,79,11,16,223,96,2
0.2237713973353138,196,9,21495.98518913817,236.21961746305675,68,21,44,70,100,2
0.5007215010563094,298,2,12985.75216126844,301.9942363085684,94,6,32,77,53,2
0.4460601948803313,222,2,13815.505686901137,226.48369978526452,83,1,28,211,140,2
0.7692345245589038,50,7,3664.197245630473,59.09995557468505,77,5,26,202,259,2
0.4256677838846249,61,5,4728.506218474099,72.74624951498615,66,7,23,173,155,2
0.9743794218109456,142,0,10508.0,142.0,79,13,39,225,286,2
0.5268595783881345,226,5,20723.13713719722,235.49019474087748,85,7,47,197,173,2
0.3564172193778647,88,4,9128.497814337796,99.22280232975864,88,8,28,86,98,2
0.6553598645060211,137,4,12879.316519819764,143.10351688688627,98,38,45,88,190,2
0.7078781867923802,287,2,14491.26724324298,289.82534486485963,52,0,44,157,68,2
0.4699189677389912,249,4,21631.016892415853,257.5121058620935,51,32,49,139,152,2
0.9586298148265364,246,7,16211.333680917349,253.30208876433355,66,22,34,286,224,2
0.1535722303129945,224,3,13881.48255899837,243.5347817368135,57,1,8,271,210,2
0.5106128580599878,131,4,8052.355969180753,138.83372360656472,86,27,44,133,162,2
0.1639068980799299,171,2,9892.910645403912,183.2020489889613,80,38,6,240,78,2
0.7108029610053083,243,2,12290.685964305168,245.81371928610332,52,9,18,259,100,2
0.9219582528186132,170,6,11826.02841969363,176.50788686109897,42,19,10,204,166,2
0.9122079765572576,215,2,11945.586535994948,217.19248247263545,69,39,6,130,218,2
0.4798308341148751,212,0,19928.0,212.0,84,14,30,150,262,2
0.8272203669158976,176,8,11511.598389784844,185.6709417707233,63,37,32,70,231,2
0.8666571131865529,213,2,18085.848290683603,215.30771774623335,94,8,42,171,79,2
0.501777564761424,147,2,6341.404854061059,150.98582985859665,67,14,45,112,72,2
0.3869801364890249,97,9,11785.186751036288,120.2570076636356,96,35,37,201,216,2
0.5605132479233605,205,4,9758.27056395491,212.13631660771543,43,36,5,242,96,2
0.2390137725009914,206,9,24121.818655288174,243.65473389179976,57,27,39,220,288,2
0.1645406999628859,175,0,15400.0,175.0,77,4,12,211,225,2
0.2961032988294911,253,5,10795.43995892855,269.88599897321376,70,3,49,227,118,2
0.3056380720792937,137,2,7177.184369799506,143.54368739599013,84,3,30,204,223,2
0.1278602118274091,241,9,28025.043469921435,311.38937188801594,89,5,19,294,79,2
0.2170430042600248,171,4,15343.7917216435,189.42952742769756,99,36,39,136,183,2
0.6426485888315154,250,0,17000.0,250.0,52,16,49,273,289,2
0.7961850023811075,118,4,9841.9166387749,123.02395798468623,88,12,38,158,135,2
0.322216684000827,136,2,5972.694135874678,142.2070032351114,81,33,36,158,100,2
0.259453832744679,134,4,12401.611083358755,149.41700100432234,50,38,8,292,178,2
0.6224208408943264,73,2,3963.089520734183,76.2132600141189,86,33,15,277,228,2
0.8041494965140785,148,1,11790.240439548192,149.24354986769862,61,23,23,214,280,2
0.9567167074722632,518,4,432888.0207918405,522.1809659732695,907,46,0,380,27,1
0.7461804641877058,628,3,669941.7036395635,632.0204751316637,1314,0,0,487,83,1
1.2200993561788234,972,1,1171274.8048810146,972.8196053829024,1101,38,0,318,46,1
1.0630377538318811,611,4,732797.2593266919,614.762801448567,1299,35,0,185,77,1
0.1494358969163347,708,0,861636.0,708.0,1236,19,0,174,35,1
0.3084432704654225,1514,2,1368435.757081955,1520.4841745355056,1497,3,0,210,23,1
1.110899313483832,1035,2,988070.727048226,1036.800343177572,1268,39,0,458,40,1
0.1406999324815352,1441,3,1443311.7862182776,1462.3219718523585,856,44,0,119,36,1
0.9234831737277468,1015,4,1350614.140842822,1019.3314270511866,1314,23,0,328,99,1
0.4156142576491713,999,3,1343301.339288872,1006.2182316770576,961,29,0,181,38,1
0.4777490081795,559,2,629642.2818252213,563.1862985914322,1010,21,0,251,95,1
1.1988557679560543,1497,4,1227275.2690976316,1500.3365147892807,1231,44,0,327,74,1
1.1297078490825527,980,1,1399723.1584361913,980.885184608403,912,27,0,350,66,1
1.4976865159501296,1519,4,1460803.9544451423,1521.6707858803566,1200,5,0,359,39,1
1.1999122653123249,898,3,787037.1597619243,900.5001827939637,936,25,0,499,88,1
0.3582667543870951,637,1,907223.9446952196,639.7912162871789,1424,29,0,353,89,1
0.8253102727343415,1062,4,1306887.1610434048,1066.8466620762488,1346,45,0,168,83,1
0.3605419849847883,548,4,488089.4184683854,559.0944083257565,1060,35,0,169,23,1
0.1697788388961181,1818,1,2626401.622382169,1823.890015543173,1112,35,0,425,60,1
0.3224714347370949,1887,3,2594142.7086566784,1896.303149602835,1342,19,0,251,55,1
0.1187636770050318,1931,3,2772020.772197032,1956.260248551187,1213,21,0,319,26,1
0.4457703187007997,1743,1,2092546.7259635732,1745.243307726083,981,30,0,205,96,1
0.4753946281337187,1340,4,1384821.241942777,1348.4140622617108,1495,42,0,183,76,1
0.5842886265023719,1189,0,1567102.0,1189.0,869,14,0,259,94,1
1.4487522078989703,1443,4,1771057.2209024318,1445.7609966550465,1465,43,0,475,33,1
1.1231493509730217,813,4,719390.6058731165,816.5614141579075,1380,2,0,186,56,1
0.8914623564002538,870,0,1029210.0,870.0,1244,40,0,260,69,1
1.1080112555283583,1394,1,1570660.2351640218,1394.902517907657,1397,32,0,180,43,1
0.2606764206169044,1877,3,1590124.174485372,1888.508520766475,1480,38,0,185,68,1
0.8609535042797044,1465,1,2017438.228003208,1466.1615029093082,1316,1,0,121,76,1
1.0366312722607516,597,2,860062.5125986955,598.9293263222113,1478,21,0,175,59,1
0.2567102978301424,1070,1,1514192.5728025644,1073.8954417039463,1042,48,0,131,26,1
1.320989980031467,1677,3,1701101.547351561,1679.2710240390534,1454,39,0,312,98,1
1.331414596932141,1103,2,1303312.5507932976,1104.5021616892352,1479,27,0,125,82,1
0.8735190606958152,1777,2,1499941.1238815065,1779.2895894205294,896,41,0,326,25,1
0.6207057350836107,1100,2,1077848.029556609,1103.222138747809,1226,18,0,296,70,1
0.373852982262321,767,1,621127.6025477623,769.6748482624068,1307,27,0,396,55,1
0.4870183668167545,1595,0,2166010.0,1595.0,1037,39,0,309,61,1
0.7266441164483037,1977,3,2347637.3536563898,1981.128568486405,1186,44,0,358,46,1
0.4876662823289325,539,0,549241.0,539.0,928,7,0,200,51,1
1.0160095732549466,1112,3,1298919.9282172148,1114.952728083446,1343,8,0,111,30,1
0.8072894830072934,1539,0,2114586.0,1539.0,908,20,0,257,32,1
0.5522156777406994,1423,1,1951990.9147136228,1424.8108866522794,1046,26,0,424,44,1
0.230242681044038,695,0,1018175.0,695.0,1181,4,0,326,80,1
0.5715767026055445,764,3,988484.5016258132,769.2486393975199,1233,5,0,310,79,1
0.5400901584572477,1918,1,2232787.34418113,1919.8515427180832,1256,20,0,315,22,1
1.3317506795323737,1485,4,1421043.404768783,1488.0035652029137,1017,32,0,262,71,1
1.3675038239890185,806,1,897891.8916911789,806.7312593811131,874,22,0,275,41,1
1.133296772673924,1119,2,1219392.0619400565,1120.764762812552,1071,33,0,165,59,1
0.105343987774086,1570,0,2290630.0,1570.0,923,0,0,346,82,1
4.204283070180471,549,10,309874.7320673198,551.3785268101776,650,93,4,258,72,3
0.9809461539263472,644,9,218813.5632001126,653.1748155227242,383,87,0,271,54,3
3.349181190173101,340,8,111276.3091491224,342.3886435357612,820,34,1,220,51,3
4.55010405529105,919,16,417899.9306037676,922.5164030988246,1158,56,3,149,33,3
4.201764433311553,259,6,130474.41373813544,260.42797153320447,1156,37,2,263,64,3
3.1397380842896334,886,16,696837.0457790114,891.0959664693241,407,52,4,249,57,3
1.905223037219582,618,6,285107.5000523294,621.1492375867742,822,29,0,177,66,3
2.7354508648662623,969,2,544988.9011843117,969.7311408973518,896,37,2,141,48,3
3.760325831293781,658,6,381905.8561113745,659.5956064099731,999,65,2,167,51,3
4.574861565483532,820,13,275651.941373015,822.8416160388508,1043,55,2,172,17,3
2.1513023564216027,269,8,274627.70839766104,272.71867765408246,1080,68,3,229,69,3
4.101604285200628,738,7,391304.81746909645,739.7066492799555,1011,69,2,399,67,3
1.9985086087618904,329,11,357584.88758919825,334.50410438652784,913,54,1,385,17,3
3.112137530225036,641,3,482756.9036966039,641.9639676816541,1144,50,0,307,71,3
2.402101010282853,254,15,80936.04988883906,260.2445334046272,956,35,3,235,12,3
4.672300187657537,436,18,177260.55435409787,439.8524921937913,929,24,3,347,74,3
4.289149824693896,348,19,248462.9965255308,352.4297823057174,755,51,0,371,47,3
1.2168680927854114,708,13,792707.52862156,718.6831628481958,780,42,1,336,75,3
2.2140928647994427,969,8,727514.6869988771,972.6132179129372,1142,86,3,289,32,3
4.740741585960049,665,5,478227.26548998826,666.0546873119614,705,62,3,200,21,3
4.687678465897623,241,5,216165.4970691745,242.0666260573063,728,54,1,257,15,3
1.135751221739776,206,19,183751.4379381328,222.7290156825852,372,34,4,262,75,3
1.1920601735061398,665,13,734709.2673550089,675.9054897470182,1067,29,0,380,63,3
1.911774610373432,294,13,340505.56012039806,300.79996477066965,409,99,4,124,22,3
2.1539049003118915,591,1,494464.132270779,591.4642730511711,378,87,4,111,41,3
1.0491577345597776,291,12,254652.58238734672,302.43774630326214,1145,39,1,259,52,3
3.288145797040233,259,18,154981.88695242608,264.4742098164268,816,53,1,229,20,3
3.894140949547384,255,14,195497.9293551843,258.59514464971465,382,28,2,248,37,3
1.86473816405418,462,15,328560.7733212712,470.0440247800732,1063,23,3,202,49,3
4.162866212777084,558,19,292533.3647672066,562.5641630138589,1119,55,3,330,59,3
1.0881966953308977,827,2,677989.4046758454,828.8379030267059,454,33,4,185,14,3
0.5496406899289125,585,5,528746.1982646801,594.0968519827866,960,29,1,164,22,3
0.5545434858975198,441,12,236871.38359433805,462.63942108269146,992,64,3,287,20,3
2.544698005519824,507,3,429411.1889365658,508.1789218184211,863,71,4,141,30,3
4.802999857920267,824,8,405401.82221865415,825.6656256999066,316,28,0,228,11,3
2.469214058249264,228,0,70452.0,228.0,541,77,3,331,30,3
4.213094881679167,958,1,1030105.1568455471,958.2373552051602,1025,91,0,178,26,3
0.7999341825231048,372,18,347161.6291165836,394.501851268845,715,63,0,186,17,3
0.6875280527107293,704,10,491484.6849635179,718.5448610577747,920,70,2,251,26,3
4.80425629234766,476,7,537139.1715014337,477.45704133460777,665,30,3,310,16,3
4.027292045454532,762,10,566481.9460273469,764.483058066595,560,24,1,137,17,3
3.9615041652716014,528,1,402528.3511798069,528.2524293698253,860,55,3,177,50,3
4.819219331341681,318,17,346285.16304720304,321.52754229081063,448,55,3,357,22,3
3.120901961932609,550,15,325671.29977403954,554.8063028518561,587,30,1,370,26,3
4.676376381467224,382,8,369897.140139909,383.7107262862127,787,78,3,213,31,3
1.7320608838134794,924,11,546115.9290008465,930.3508160150706,734,65,0,221,41,3
1.926151148052252,238,16,265764.95185217296,246.3067209009944,532,66,1,248,22,3
1.494785171541778,837,7,505851.4512536613,841.682947177473,659,26,3,323,31,3
4.931013827860287,733,12,562606.6861198265,735.4335766272242,1069,48,4,382,59,3
1.4608011483980237,606,11,466282.88706725615,613.5301145621792,577,62,4,288,65,3
0.1723544096360507,1383,2,2029148.8151930368,1394.603996696245,1068,49,0,223,49,1
0.1574945234750261,619,2,886273.4925235953,631.6988542577301,857,25,0,328,81,1
1.270372168717088,1916,3,2762440.5782764927,1918.3615126920088,857,0,0,338,53,1
0.4357023028203645,1641,0,2111967.0,1641.0,1036,0,0,371,80,1
1.133055683374076,1970,4,2064312.6693554376,1973.5302766304376,875,25,0,243,70,1
1.1609845546501167,1196,4,1222234.8132865974,1199.445351606082,868,46,0,193,81,1
1.085121003132033,1727,1,2199644.141056459,1727.9215562108868,1231,20,0,138,52,1
0.7505433381154559,856,1,1132536.0582576843,857.3323680981713,899,33,0,279,29,1
0.9762038819999308,941,0,1057684.0,941.0,1315,15,0,379,99,1
0.9993869894888416,996,3,958042.7647130282,999.0018401595706,1274,19,0,251,31,1
0.6434378966891307,879,0,1309710.0,879.0,1226,36,0,367,86,1
1.2485975812797754,1691,1,1424496.3565842384,1691.8008985561023,1355,28,0,496,31,1
0.2410892019283973,1776,2,1488102.6010267492,1784.2956846843515,889,7,0,192,45,1
1.0542591365619056,1521,1,1391060.9595247528,1521.9485333968848,1416,6,0,295,77,1
1.075432031509811,1598,4,1882020.3366296445,1601.7194354294843,1219,24,0,376,55,1
0.3484153612916119,956,2,1431069.5292510858,961.740275034332,898,47,0,135,43,1
1.313963250093611,536,3,628714.7412499934,538.283168878419,1494,12,0,378,49,1
1.3635740693513934,561,3,642611.3146773891,563.2001005060378,1196,18,0,276,31,1
1.4419580956364777,575,0,721050.0,575.0,1183,18,0,466,35,1
0.7278237307696476,1622,3,1339924.4267658405,1626.1218771430104,1268,35,0,152,42,1
1.1938144706596836,1562,4,2335503.101742084,1565.350604384775,841,38,0,497,24,1
1.1318497795074125,1232,2,1797598.5465986382,1233.767018942099,1387,8,0,173,77,1
0.9655052886427654,1776,4,1721398.1924522829,1780.1429084304891,969,8,0,382,85,1
0.2138882928986596,1688,2,2456066.4273122195,1697.3506754058185,1295,44,0,420,36,1
1.4261480083374023,716,4,669207.2296747807,718.8047579750598,869,30,0,374,80,1
0.6291826261711562,666,2,890007.7073290902,669.1787273151054,838,2,0,272,32,1
0.6672829214939839,1581,3,2021507.201254958,1585.4958441215358,1255,40,0,100,22,1
0.9167162711360234,689,0,682110.0,689.0,1307,48,0,411,52,1
0.4130341739272336,633,1,860995.6002155131,635.4211071701204,1484,31,0,272,80,1
0.5517609435886172,579,4,587422.0154156839,586.249516382918,1028,35,0,326,38,1
1.4570235498667383,1925,0,2125200.0,1925.0,1325,14,0,100,73,1
0.9180400366923402,1155,0,936705.0,1155.0,1129,31,0,371,91,1
0.6523305180513818,1931,3,2268521.905734447,1935.598895677856,807,27,0,263,27,1
0.5946931192364739,1701,3,1433077.479665538,1706.04461864945,1301,16,0,300,52,1
0.6756894092210607,960,3,1308744.9575388387,964.4399097559608,1346,5,0,181,88,1
0.9587812743101056,949,1,988994.7533703388,950.0429907496052,1050,44,0,104,52,1
1.188643197229316,645,0,697245.0,645.0,862,24,0,441,78,1
1.2789664923899922,1984,0,2795456.0,1984.0,904,34,0,484,40,1
0.1789256953112979,1017,3,1492759.167616049,1033.766736576211,1236,22,0,152,56,1
1.1599136828594383,582,0,514488.0,582.0,877,8,0,465,20,1
1.435671438162211,1216,3,1516521.5701787458,1218.0896146014022,1248,48,0,387,53,1
0.6014278052459766,1595,1,1674899.1827445456,1596.6627099566688,1473,2,0,478,69,1
1.293054100445956,1577,3,1876232.2651854788,1579.3200885399654,1200,47,0,354,66,1
0.688750090131105,1752,4,2420501.0951422327,1757.807621744541,874,38,0,291,57,1
0.9513229893586392,1297,2,1603092.2818870211,1299.1023354027725,1246,33,0,407,57,1
0.7312746263825461,1858,3,2497079.353191893,1862.1024259447372,905,16,0,232,48,1
0.3059028733006531,683,0,771107.0,683.0,1307,19,0,168,53,1
0.9691279581909276,1973,4,1828842.8652970728,1977.1274219427808,842,47,0,470,42,1
0.2792641745408813,594,2,705162.6478949793,601.1616776598289,1319,3,0,459,23,1
0.5839341966534085,1718,2,2523609.1137090507,1721.4250434577427,892,31,0,160,70,1
3.0052471315251474,463,1,510592.6919729961,463.3327513366571,395,97,2,264,63,3
1.4224293293711945,934,15,289030.8738454859,944.5453393643332,629,26,0,250,28,3
1.0524960034821882,747,17,620442.6413119604,763.1520803345147,1196,66,4,110,11,3
2.1337664548779074,318,11,268541.97399307834,323.1552033611051,560,56,0,325,62,3
1.8250959179386292,699,11,408210.6796039046,705.0270804903361,892,93,2,314,23,3
3.837591249028995,436,6,218781.7403692379,437.5634807384758,1057,41,2,103,35,3
2.865605820362086,308,1,316366.0394737858,308.3489663487191,1104,94,1,227,51,3
3.094324139814141,233,16,232454.65939778957,238.1707575797024,452,95,4,126,66,3
1.69924277016897,930,7,849114.6091351428,934.1194819968568,567,72,1,272,26,3
2.384467362014329,675,13,595395.4574116673,680.4519513276198,429,73,2,292,60,3
0.9065163225992354,570,10,345713.58837857406,581.0312409723933,310,55,0,286,48,3
3.246821001535809,509,1,180295.0297247161,509.3079935726444,922,43,4,388,45,3
2.9292925050868703,666,2,362008.73798472295,666.6827587195635,790,81,2,300,35,3
2.634067889151664,272,8,163647.09085730245,275.03712749126464,316,20,0,160,52,3
3.192287262206696,224,6,248919.24217117895,225.8795301008884,430,63,2,201,21,3
2.1243825362301205,243,16,79167.98567290629,250.5316002307161,629,76,0,111,71,3
4.811768568517687,538,7,517876.5758960161,539.4547665583501,380,99,0,188,21,3
1.49544248818821,688,12,582572.4067353527,696.0243808068731,346,51,1,115,26,3
1.3125890530730009,285,6,313026.379013344,289.5711184212248,634,26,0,275,68,3
4.749199201010453,793,19,558697.4728039973,797.0006744707523,742,36,2,207,69,3
2.664778477298389,330,4,155805.4995437767,331.50106285909936,482,58,0,103,34,3
3.8203509510793614,360,15,288229.66195308405,363.9263408498536,725,85,2,269,43,3
0.5957123488267422,958,12,430383.3381705096,978.1439503875218,573,51,2,138,55,3
2.078203169532696,676,11,678567.8618471087,681.2930339830409,571,75,3,338,19,3
0.9126470080014356,558,19,398227.1719223249,578.8185638405886,876,68,2,241,39,3
4.337698197613556,345,4,333468.9507347748,345.9221480651192,731,84,4,172,24,3
2.2294699122185677,543,3,238967.72337903385,544.3456113417627,486,56,4,297,48,3
4.456032384029741,501,10,181671.13773888585,503.24414886117967,1144,44,3,359,68,3
2.307111063914693,774,18,619187.1563583465,781.8019650989223,665,93,2,325,66,3
1.4921879408157892,952,2,1131614.9524095887,953.3403137401758,1073,24,4,153,56,3
1.4734581036644907,720,2,230112.99500570344,721.3573511150578,1189,80,2,277,71,3
4.98351099113026,202,2,218593.4293641259,202.40132348530176,419,92,3,197,20,3
4.448573881836712,522,8,258756.3745903684,523.7983291303003,1037,95,1,108,49,3
4.692152697435454,594,1,251352.150518808,594.2131217938722,337,91,2,275,27,3
0.8647079715844157,515,15,582919.8520653791,532.3468968633599,892,59,4,323,71,3
3.165835030967829,897,2,778246.7227913135,897.6317448573398,339,59,2,336,42,3
4.453834938598211,346,15,163154.8018879399,349.36788412835097,391,78,2,268,22,3
4.266559977636524,544,9,357701.67517412134,546.1094277467502,490,46,3,106,14,3
4.4639184163951775,960,18,318130.6694804689,964.0323317589966,834,61,1,259,62,3
3.845787153312235,281,3,156951.5014254262,281.78007437239893,1017,96,4,111,48,3
1.3690978906428188,724,13,708556.4631860354,733.4953035052126,412,36,1,287,73,3
2.92993420872135,874,15,549449.7305509775,879.1195688815641,766,49,1,332,72,3
2.2646804515033847,534,4,309137.1283271191,535.7662535998599,495,39,3,341,77,3
1.854336051260673,216,11,155352.42964982812,221.9320423568973,1185,84,1,219,59,3
4.955667677377912,886,11,866014.1887023535,888.2196807203626,1062,71,4,106,38,3
0.5995559818804876,845,14,328236.53190016025,868.3506134924874,758,77,1,325,38,3
4.749366357310234,298,12,236815.00243876645,300.52665284107417,338,34,4,256,41,3
0.8707147052712921,283,10,246778.2775610285,294.4848180919194,1006,75,3,120,56,3
2.38877292616755,283,5,273119.213617221,285.09312486139976,752,22,2,356,67,3
4.523446416556105,726,1,335514.1345136994,726.2210703759727,1131,44,3,373,24,3
4.370861069626263,15,8,3702.6666535412182,16.830302970641903,52,134,1,0,0,0
1.5227525095137953,4,8,1693.416901862434,9.253644272472318,162,181,0,1,1,0
8.491983767203795,6,2,1390.520119235562,6.235516229755883,219,52,0,1,1,0
5.72280788469014,12,9,1085.812365976179,13.57265457470224,250,90,0,1,1,0
3.629301836816963,16,3,2338.898131582719,16.82660526318503,86,95,0,0,0,0
6.467903667112945,9,7,494.0310928630611,10.08226720128696,163,120,1,1,1,0
4.468748522859245,2,4,356.0979384906633,2.895105190981003,142,219,0,1,0,0
8.49875420562548,3,1,607.9445393150594,3.117664304179792,81,135,1,1,1,0
5.680612190600297,10,4,909.8527040030292,10.704149458859169,252,222,1,1,1,0
9.455490474077704,4,8,1148.5184189226247,4.846069278154535,246,221,1,0,1,0
7.725880991236428,15,5,860.5946461396359,15.647175384357016,185,248,1,1,1,0
3.4839926382028903,15,1,1834.4432415511355,15.28702701292613,102,40,1,0,1,0
3.641393572462343,11,3,1324.2723658713974,11.823860409566048,167,194,0,0,0,0
1.6664018656068134,7,9,731.6506274143172,12.40085809176809,166,232,1,1,1,0
1.8586910484137016,5,3,1342.6499343555513,6.614039085495326,135,245,0,0,0,0
4.446341872784108,15,3,501.59078243344544,15.67471195104517,36,249,0,0,1,0
5.444160367279517,9,3,897.7986210867108,9.551049160496923,127,83,0,1,1,0
9.168098265334836,7,4,327.1970019197402,7.436295498175914,191,102,0,0,1,0
8.92421055113732,10,9,1816.4012734225269,11.008492566197132,59,59,1,1,1,0
9.0330309864098,11,7,1448.3168434045422,11.77493368621579,248,221,0,0,0,0
6.829211084872261,13,9,486.8075182033597,14.317868182451758,134,229,1,0,0,0
5.363469742230849,1,3,316.5459001856317,1.5593394097814373,183,238,0,1,1,0
5.669115595690295,9,4,1397.6031496055364,9.705577427816223,93,217,1,1,1,0
7.266738455558095,3,1,414.16495815932905,3.137613319388856,144,215,0,0,0,0
9.789534602493877,5,1,816.3439843155812,5.102149901972383,178,157,1,0,1,0
5.0300484811578245,6,7,731.772031938842,7.39163668625093,214,234,1,0,0,0
7.553947137506736,5,4,713.3086591164989,5.529524489275185,229,245,0,0,1,0
8.18510612486096,9,6,2326.1962623483223,9.73303875459549,124,34,1,1,0,0
2.982169428089935,3,3,717.070251858207,4.005979060660375,127,230,1,0,0,0
4.578148189787701,7,2,1003.9758104821244,7.436857855423143,160,42,1,0,0,0
2.881644586639423,10,3,419.5607426844221,11.041072175905844,175,121,1,0,1,0
5.766855205204059,2,1,171.69897408360623,2.173404735235522,171,228,0,1,0,0
2.6983639750724144,9,3,1799.8976909464814,10.11178478059821,79,239,0,1,1,0
4.640573144099711,1,8,400.4169731803999,2.723924987621768,106,144,1,1,1,0
7.020894292428058,3,9,556.6454373571512,4.281887979670394,184,124,1,1,1,0
5.938604104299275,3,9,866.9774704040311,4.515507658354329,99,64,1,0,1,0
7.718422646062217,8,7,2012.9641581634687,8.90692105382066,176,159,0,1,1,0
5.57932669154884,14,6,2110.5558011636726,15.07539857974052,82,213,1,0,0,0
8.153301731874835,1,1,255.96413128053976,1.1226496985988583,92,79,0,1,0,0
7.916986128756781,17,5,652.3674781023079,17.631553462224538,130,155,0,0,1,0
3.976752742034624,14,5,1922.4207117885016,15.25730723641668,130,219,0,1,0,0
3.7512731735846367,1,3,286.1568286092556,1.7997284818192176,49,56,1,0,1,0
7.264268170074757,8,8,1319.6857347280534,9.101280929158987,63,206,1,0,1,0
3.2874728416276486,10,2,2641.48414115976,10.608370044818312,48,135,0,0,0,0
7.380198972191067,7,7,453.06358304206304,7.9484839130186495,130,81,0,1,0,0
1.734347623602163,7,9,816.6811636802059,12.189271099704566,204,51,0,1,1,0
4.571054444924996,14,3,3605.450713154241,14.656303712009109,174,123,1,1,1,0
6.204521268965566,19,9,4437.770457757752,20.450555104874432,94,221,0,1,1,0
8.743641564805078,17,4,3508.9525341976805,17.457475294515824,101,46,1,0,1,0
3.939861176164368,8,5,843.4863026019011,9.26908024837254,139,36,0,1,1,0
0.136781754639831,54,1,4107.831411919097,61.31091659580743,81,21,25,119,50,2
0.5809811533592707,61,9,6501.7380655581,76.49103606538941,73,13,30,94,204,2
0.135380925856989,298,8,21782.64368898986,357.09251949163706,86,29,47,112,97,2
0.1549701638693774,75,3,3774.342602496999,94.35856506242496,47,34,19,96,176,2
0.9316375831966898,63,9,4868.247396279303,72.66040889969109,62,13,28,179,158,2
0.1561072262601173,236,7,25275.687617370437,280.84097352633813,46,2,27,287,156,2
0.5789021367387841,286,1,27909.55854546753,287.7274076852323,77,34,19,241,266,2
0.7636646854844372,77,9,6925.251620958065,88.78527719177006,96,16,43,135,267,2
0.5818020076139712,74,0,3848.0,74.0,59,24,8,187,116,2
0.6839405562624183,195,3,17147.22576565705,199.38634611229128,61,33,12,217,162,2
0.6080126882703771,91,8,7915.979131569748,104.15762015223352,45,25,38,236,233,2
0.5484229280640461,247,4,24412.18954414531,254.29364108484697,72,21,25,247,119,2
0.3213619555460573,53,7,7029.535461632128,74.78229214502264,48,2,35,89,278,2
0.9841407552177458,272,5,11360.303536778783,277.0805740677752,59,27,15,53,128,2
0.8353648638543519,162,7,13119.227041885706,170.37957197254164,90,1,19,252,185,2
0.5289575357137708,222,4,10330.291966456456,229.5620436990324,65,3,23,261,274,2
0.7626224653286393,189,0,12285.0,189.0,53,37,41,175,188,2
0.9388129080312408,126,2,9225.385193970094,128.1303499162513,45,9,9,200,187,2
0.9909642091509508,62,7,2831.6169178964587,69.06382726576729,59,0,41,122,66,2
0.2050264577275132,192,7,17412.928997624043,226.1419350340785,94,34,34,144,98,2
0.8656547140148092,237,1,12622.225335161858,238.15519500305396,92,10,13,211,125,2
0.4413057264674204,50,7,4017.583184152321,65.86201941233314,99,28,12,60,154,2
0.7754517322887822,109,2,6694.748509808359,111.57914183013932,76,4,23,172,127,2
0.5707588822922074,181,8,16381.379837351284,195.01642663513437,81,24,22,89,121,2
0.4952214177131966,63,2,5161.972010683891,67.03859754134923,72,22,19,274,202,2
0.4198262066365563,288,6,12393.956750939473,302.29162807169445,53,39,44,228,88,2
0.2052082366375276,183,2,8866.325084350807,192.7461974858871,90,7,46,241,293,2
0.8146226703432664,206,0,18746.0,206.0,69,38,31,213,206,2
0.236507391759476,146,4,10752.244181782207,162.91279063306374,94,32,8,135,115,2
0.7862128171666215,172,9,13208.204319557244,183.44728221607284,93,37,17,208,96,2
0.8618070625610663,265,3,25505.700469259387,268.48105757115144,54,28,12,54,206,2
0.3063262557093773,125,1,8465.456555779589,128.2644932693877,70,35,40,75,92,2
0.6391264282995939,197,9,16675.455953185392,211.08172092639737,77,5,12,72,96,2
0.3591366548281535,156,9,9415.1251299702,181.06009865327303,79,17,29,274,160,2
0.7534860274561607,220,3,19486.38996675381,223.98149387073343,43,4,41,121,176,2
0.2372851386228352,141,9,8588.594422841896,178.92905047587283,93,28,18,89,90,2
0.9330116616160988,200,0,17000.0,200.0,76,20,30,159,213,2
0.2121964130829401,106,0,9858.0,106.0,94,39,19,198,224,2
0.1492854749398282,186,9,22412.133197687923,246.28717799657056,96,25,45,84,112,2
0.4730541257832649,139,5,6132.354216413542,149.56961503447664,46,17,31,211,140,2
0.5069961468008265,220,2,20826.86669351172,223.94480315604,63,24,11,229,247,2
0.1304912442219355,210,0,14280.0,210.0,82,21,30,205,163,2
0.6971836348150395,248,0,14632.0,248.0,80,19,26,269,112,2
0.9971868266613526,98,6,4160.677066306156,104.01692665765393,71,12,34,264,228,2
0.2889150337860272,260,0,21840.0,260.0,68,29,20,217,68,2
0.1591377754855171,127,2,12002.824458399276,139.5677262604567,89,1,32,162,163,2
0.5473107539391241,228,3,9339.253868366975,233.48134670917443,47,28,43,180,81,2
0.3450716692482695,260,1,26026.89692264702,262.8979487136063,72,22,32,81,227,2
0.8802943840103712,57,0,5472.0,57.0,94,2,28,264,236,2
0.5549570911954305,121,5,12480.93173547172,130.0097055778304,86,36,7,100,146,2
